<annotation>
	<folder>images</folder>
	<filename>thumb_0641.jpg</filename>
	<path>C:\Users\doria\Desktop\uswprojekt\images\thumb_0641.jpg</path>
	<source>
		<database>Unknown</database>
	</source>
	<size>
		<width>239</width>
		<height>132</height>
		<depth>3</depth>
	</size>
	<segmented>0</segmented>
	<object>
		<name>penis</name>
		<pose>Unspecified</pose>
		<truncated>0</truncated>
		<difficult>0</difficult>
		<bndbox>
			<xmin>2</xmin>
			<ymin>12</ymin>
			<xmax>233</xmax>
			<ymax>114</ymax>
		</bndbox>
	</object>
</annotation>
