<annotation>
	<folder>images</folder>
	<filename>thumb_2014-12-02_22_35_33.jpg</filename>
	<path>C:\Users\doria\Desktop\uswprojekt\images\thumb_2014-12-02_22_35_33.jpg</path>
	<source>
		<database>Unknown</database>
	</source>
	<size>
		<width>134</width>
		<height>239</height>
		<depth>3</depth>
	</size>
	<segmented>0</segmented>
	<object>
		<name>penis</name>
		<pose>Unspecified</pose>
		<truncated>0</truncated>
		<difficult>0</difficult>
		<bndbox>
			<xmin>10</xmin>
			<ymin>31</ymin>
			<xmax>90</xmax>
			<ymax>199</ymax>
		</bndbox>
	</object>
</annotation>
