<annotation>
	<folder>images</folder>
	<filename>thumb_E4FDD23F-1359-421A-8B63-6756CF751102.jpg</filename>
	<path>C:\Users\doria\Desktop\uswprojekt\images\thumb_E4FDD23F-1359-421A-8B63-6756CF751102.jpg</path>
	<source>
		<database>Unknown</database>
	</source>
	<size>
		<width>184</width>
		<height>239</height>
		<depth>3</depth>
	</size>
	<segmented>0</segmented>
	<object>
		<name>penis</name>
		<pose>Unspecified</pose>
		<truncated>0</truncated>
		<difficult>0</difficult>
		<bndbox>
			<xmin>14</xmin>
			<ymin>57</ymin>
			<xmax>147</xmax>
			<ymax>192</ymax>
		</bndbox>
	</object>
</annotation>
