<annotation>
	<folder>images</folder>
	<filename>thumb_16143940840491212400370901975773.jpg</filename>
	<path>C:\Users\doria\Desktop\uswprojekt\images\thumb_16143940840491212400370901975773.jpg</path>
	<source>
		<database>Unknown</database>
	</source>
	<size>
		<width>180</width>
		<height>239</height>
		<depth>3</depth>
	</size>
	<segmented>0</segmented>
	<object>
		<name>penis</name>
		<pose>Unspecified</pose>
		<truncated>0</truncated>
		<difficult>0</difficult>
		<bndbox>
			<xmin>13</xmin>
			<ymin>34</ymin>
			<xmax>159</xmax>
			<ymax>229</ymax>
		</bndbox>
	</object>
</annotation>
