<annotation>
	<folder>images</folder>
	<filename>thumb_er_spritzt_ab_0.jpg</filename>
	<path>C:\Users\doria\Desktop\uswprojekt\images\thumb_er_spritzt_ab_0.jpg</path>
	<source>
		<database>Unknown</database>
	</source>
	<size>
		<width>239</width>
		<height>134</height>
		<depth>3</depth>
	</size>
	<segmented>0</segmented>
	<object>
		<name>penis</name>
		<pose>Unspecified</pose>
		<truncated>0</truncated>
		<difficult>0</difficult>
		<bndbox>
			<xmin>103</xmin>
			<ymin>61</ymin>
			<xmax>163</xmax>
			<ymax>106</ymax>
		</bndbox>
	</object>
</annotation>
