<annotation>
	<folder>images</folder>
	<filename>thumb_IMG_20210225_042437.jpg</filename>
	<path>C:\Users\doria\Desktop\uswprojekt\images\thumb_IMG_20210225_042437.jpg</path>
	<source>
		<database>Unknown</database>
	</source>
	<size>
		<width>239</width>
		<height>180</height>
		<depth>3</depth>
	</size>
	<segmented>0</segmented>
	<object>
		<name>penis</name>
		<pose>Unspecified</pose>
		<truncated>0</truncated>
		<difficult>0</difficult>
		<bndbox>
			<xmin>59</xmin>
			<ymin>14</ymin>
			<xmax>174</xmax>
			<ymax>131</ymax>
		</bndbox>
	</object>
</annotation>
