<annotation>
	<folder>images</folder>
	<filename>thumb_3184D380-6A21-40CB-B0DD-462119B1760C.jpg</filename>
	<path>C:\Users\doria\Desktop\uswprojekt\images\thumb_3184D380-6A21-40CB-B0DD-462119B1760C.jpg</path>
	<source>
		<database>Unknown</database>
	</source>
	<size>
		<width>239</width>
		<height>239</height>
		<depth>3</depth>
	</size>
	<segmented>0</segmented>
	<object>
		<name>penis</name>
		<pose>Unspecified</pose>
		<truncated>1</truncated>
		<difficult>0</difficult>
		<bndbox>
			<xmin>65</xmin>
			<ymin>12</ymin>
			<xmax>159</xmax>
			<ymax>239</ymax>
		</bndbox>
	</object>
</annotation>
