<annotation>
	<folder>images</folder>
	<filename>thumb_0b4fdc8a-112a-4481-a34b-f7dabf697790.jpg</filename>
	<path>C:\Users\doria\Desktop\uswprojekt\images\thumb_0b4fdc8a-112a-4481-a34b-f7dabf697790.jpg</path>
	<source>
		<database>Unknown</database>
	</source>
	<size>
		<width>240</width>
		<height>180</height>
		<depth>3</depth>
	</size>
	<segmented>0</segmented>
	<object>
		<name>penis</name>
		<pose>Unspecified</pose>
		<truncated>0</truncated>
		<difficult>0</difficult>
		<bndbox>
			<xmin>106</xmin>
			<ymin>25</ymin>
			<xmax>204</xmax>
			<ymax>158</ymax>
		</bndbox>
	</object>
</annotation>
