<annotation>
	<folder>images</folder>
	<filename>thumb_cock.jpg</filename>
	<path>C:\Users\doria\Desktop\uswprojekt\images\thumb_cock.jpg</path>
	<source>
		<database>Unknown</database>
	</source>
	<size>
		<width>239</width>
		<height>159</height>
		<depth>3</depth>
	</size>
	<segmented>0</segmented>
	<object>
		<name>penis</name>
		<pose>Unspecified</pose>
		<truncated>0</truncated>
		<difficult>0</difficult>
		<bndbox>
			<xmin>38</xmin>
			<ymin>13</ymin>
			<xmax>206</xmax>
			<ymax>149</ymax>
		</bndbox>
	</object>
</annotation>
