<annotation>
	<folder>images</folder>
	<filename>thumb_IMG_20210307_153606.jpg</filename>
	<path>C:\Users\doria\Desktop\uswprojekt\images\thumb_IMG_20210307_153606.jpg</path>
	<source>
		<database>Unknown</database>
	</source>
	<size>
		<width>239</width>
		<height>107</height>
		<depth>3</depth>
	</size>
	<segmented>0</segmented>
	<object>
		<name>penis</name>
		<pose>Unspecified</pose>
		<truncated>0</truncated>
		<difficult>0</difficult>
		<bndbox>
			<xmin>48</xmin>
			<ymin>24</ymin>
			<xmax>191</xmax>
			<ymax>86</ymax>
		</bndbox>
	</object>
</annotation>
