<annotation>
	<folder>images</folder>
	<filename>thumb_DSCN1793.jpg</filename>
	<path>C:\Users\doria\Desktop\uswprojekt\images\thumb_DSCN1793.jpg</path>
	<source>
		<database>Unknown</database>
	</source>
	<size>
		<width>169</width>
		<height>240</height>
		<depth>3</depth>
	</size>
	<segmented>0</segmented>
	<object>
		<name>penis</name>
		<pose>Unspecified</pose>
		<truncated>0</truncated>
		<difficult>0</difficult>
		<bndbox>
			<xmin>57</xmin>
			<ymin>70</ymin>
			<xmax>124</xmax>
			<ymax>225</ymax>
		</bndbox>
	</object>
</annotation>
