<annotation>
	<folder>images</folder>
	<filename>thumb_20200521_091619-800x450.jpg</filename>
	<path>C:\Users\doria\Desktop\uswprojekt\images\thumb_20200521_091619-800x450.jpg</path>
	<source>
		<database>Unknown</database>
	</source>
	<size>
		<width>240</width>
		<height>135</height>
		<depth>3</depth>
	</size>
	<segmented>0</segmented>
	<object>
		<name>penis</name>
		<pose>Unspecified</pose>
		<truncated>1</truncated>
		<difficult>0</difficult>
		<bndbox>
			<xmin>60</xmin>
			<ymin>1</ymin>
			<xmax>207</xmax>
			<ymax>133</ymax>
		</bndbox>
	</object>
</annotation>
