<annotation>
	<folder>images</folder>
	<filename>thumb_DE5CC3FA-F085-48F4-957E-9CA0F3F6C882.jpg</filename>
	<path>C:\Users\doria\Desktop\uswprojekt\images\thumb_DE5CC3FA-F085-48F4-957E-9CA0F3F6C882.jpg</path>
	<source>
		<database>Unknown</database>
	</source>
	<size>
		<width>239</width>
		<height>239</height>
		<depth>3</depth>
	</size>
	<segmented>0</segmented>
	<object>
		<name>penis</name>
		<pose>Unspecified</pose>
		<truncated>0</truncated>
		<difficult>0</difficult>
		<bndbox>
			<xmin>95</xmin>
			<ymin>20</ymin>
			<xmax>166</xmax>
			<ymax>211</ymax>
		</bndbox>
	</object>
</annotation>
