<annotation>
	<folder>images</folder>
	<filename>thumb_553BE2CC-52BD-4C88-930A-4AB60FC97FE1.jpg</filename>
	<path>C:\Users\doria\Desktop\uswprojekt\images\thumb_553BE2CC-52BD-4C88-930A-4AB60FC97FE1.jpg</path>
	<source>
		<database>Unknown</database>
	</source>
	<size>
		<width>180</width>
		<height>239</height>
		<depth>3</depth>
	</size>
	<segmented>0</segmented>
	<object>
		<name>penis</name>
		<pose>Unspecified</pose>
		<truncated>0</truncated>
		<difficult>0</difficult>
		<bndbox>
			<xmin>43</xmin>
			<ymin>32</ymin>
			<xmax>153</xmax>
			<ymax>184</ymax>
		</bndbox>
	</object>
</annotation>
