<annotation>
	<folder>images</folder>
	<filename>thumb_DSC_0057_28229.jpg</filename>
	<path>C:\Users\doria\Desktop\uswprojekt\images\thumb_DSC_0057_28229.jpg</path>
	<source>
		<database>Unknown</database>
	</source>
	<size>
		<width>159</width>
		<height>239</height>
		<depth>3</depth>
	</size>
	<segmented>0</segmented>
	<object>
		<name>penis</name>
		<pose>Unspecified</pose>
		<truncated>0</truncated>
		<difficult>0</difficult>
		<bndbox>
			<xmin>36</xmin>
			<ymin>3</ymin>
			<xmax>141</xmax>
			<ymax>198</ymax>
		</bndbox>
	</object>
</annotation>
