<annotation>
	<folder>images</folder>
	<filename>thumb_Cock-rasiert.jpg</filename>
	<path>C:\Users\doria\Desktop\uswprojekt\images\thumb_Cock-rasiert.jpg</path>
	<source>
		<database>Unknown</database>
	</source>
	<size>
		<width>240</width>
		<height>207</height>
		<depth>3</depth>
	</size>
	<segmented>0</segmented>
	<object>
		<name>penis</name>
		<pose>Unspecified</pose>
		<truncated>0</truncated>
		<difficult>0</difficult>
		<bndbox>
			<xmin>3</xmin>
			<ymin>2</ymin>
			<xmax>228</xmax>
			<ymax>167</ymax>
		</bndbox>
	</object>
</annotation>
