<annotation>
	<folder>images</folder>
	<filename>thumb_IMG_20210205_210837.jpg</filename>
	<path>C:\Users\doria\Desktop\uswprojekt\images\thumb_IMG_20210205_210837.jpg</path>
	<source>
		<database>Unknown</database>
	</source>
	<size>
		<width>180</width>
		<height>239</height>
		<depth>3</depth>
	</size>
	<segmented>0</segmented>
	<object>
		<name>penis</name>
		<pose>Unspecified</pose>
		<truncated>0</truncated>
		<difficult>0</difficult>
		<bndbox>
			<xmin>54</xmin>
			<ymin>23</ymin>
			<xmax>132</xmax>
			<ymax>230</ymax>
		</bndbox>
	</object>
</annotation>
