<annotation>
	<folder>images</folder>
	<filename>thumb_IMG_20200504_172245.jpg</filename>
	<path>C:\Users\doria\Desktop\uswprojekt\images\thumb_IMG_20200504_172245.jpg</path>
	<source>
		<database>Unknown</database>
	</source>
	<size>
		<width>134</width>
		<height>239</height>
		<depth>3</depth>
	</size>
	<segmented>0</segmented>
	<object>
		<name>penis</name>
		<pose>Unspecified</pose>
		<truncated>0</truncated>
		<difficult>0</difficult>
		<bndbox>
			<xmin>38</xmin>
			<ymin>8</ymin>
			<xmax>107</xmax>
			<ymax>215</ymax>
		</bndbox>
	</object>
</annotation>
