<annotation>
	<folder>images</folder>
	<filename>thumb_196210AD-56A1-4E22-8BF7-A87F3A984879.jpg</filename>
	<path>C:\Users\doria\Desktop\uswprojekt\images\thumb_196210AD-56A1-4E22-8BF7-A87F3A984879.jpg</path>
	<source>
		<database>Unknown</database>
	</source>
	<size>
		<width>180</width>
		<height>239</height>
		<depth>3</depth>
	</size>
	<segmented>0</segmented>
	<object>
		<name>penis</name>
		<pose>Unspecified</pose>
		<truncated>0</truncated>
		<difficult>0</difficult>
		<bndbox>
			<xmin>57</xmin>
			<ymin>34</ymin>
			<xmax>173</xmax>
			<ymax>153</ymax>
		</bndbox>
	</object>
</annotation>
