<annotation>
	<folder>images</folder>
	<filename>thumb_1C545232-7ECF-4013-A8EA-8B77838163A2.jpg</filename>
	<path>C:\Users\doria\Desktop\uswprojekt\images\thumb_1C545232-7ECF-4013-A8EA-8B77838163A2.jpg</path>
	<source>
		<database>Unknown</database>
	</source>
	<size>
		<width>180</width>
		<height>239</height>
		<depth>3</depth>
	</size>
	<segmented>0</segmented>
	<object>
		<name>penis</name>
		<pose>Unspecified</pose>
		<truncated>0</truncated>
		<difficult>0</difficult>
		<bndbox>
			<xmin>8</xmin>
			<ymin>43</ymin>
			<xmax>137</xmax>
			<ymax>168</ymax>
		</bndbox>
	</object>
</annotation>
