<annotation>
	<folder>images</folder>
	<filename>thumb_B309947B-08BC-4EA5-AEA3-8E41594C6FF5.jpg</filename>
	<path>C:\Users\doria\Desktop\uswprojekt\images\thumb_B309947B-08BC-4EA5-AEA3-8E41594C6FF5.jpg</path>
	<source>
		<database>Unknown</database>
	</source>
	<size>
		<width>180</width>
		<height>239</height>
		<depth>3</depth>
	</size>
	<segmented>0</segmented>
	<object>
		<name>penis</name>
		<pose>Unspecified</pose>
		<truncated>0</truncated>
		<difficult>0</difficult>
		<bndbox>
			<xmin>15</xmin>
			<ymin>28</ymin>
			<xmax>154</xmax>
			<ymax>234</ymax>
		</bndbox>
	</object>
</annotation>
