<annotation>
	<folder>images</folder>
	<filename>thumb_106_JD608315ba.jpg</filename>
	<path>C:\Users\doria\Desktop\uswprojekt\images\thumb_106_JD608315ba.jpg</path>
	<source>
		<database>Unknown</database>
	</source>
	<size>
		<width>239</width>
		<height>168</height>
		<depth>3</depth>
	</size>
	<segmented>0</segmented>
	<object>
		<name>penis</name>
		<pose>Unspecified</pose>
		<truncated>1</truncated>
		<difficult>0</difficult>
		<bndbox>
			<xmin>27</xmin>
			<ymin>1</ymin>
			<xmax>169</xmax>
			<ymax>164</ymax>
		</bndbox>
	</object>
</annotation>
