<annotation>
	<folder>images</folder>
	<filename>thumb_1CBA4A98-C263-4A2A-ADEA-EA45E3722251.jpg</filename>
	<path>C:\Users\doria\Desktop\uswprojekt\images\thumb_1CBA4A98-C263-4A2A-ADEA-EA45E3722251.jpg</path>
	<source>
		<database>Unknown</database>
	</source>
	<size>
		<width>180</width>
		<height>239</height>
		<depth>3</depth>
	</size>
	<segmented>0</segmented>
	<object>
		<name>penis</name>
		<pose>Unspecified</pose>
		<truncated>0</truncated>
		<difficult>0</difficult>
		<bndbox>
			<xmin>34</xmin>
			<ymin>24</ymin>
			<xmax>141</xmax>
			<ymax>133</ymax>
		</bndbox>
	</object>
</annotation>
