<annotation>
	<folder>images</folder>
	<filename>thumb_20210607_054128.jpg</filename>
	<path>C:\Users\doria\Desktop\uswprojekt\images\thumb_20210607_054128.jpg</path>
	<source>
		<database>Unknown</database>
	</source>
	<size>
		<width>189</width>
		<height>240</height>
		<depth>3</depth>
	</size>
	<segmented>0</segmented>
	<object>
		<name>penis</name>
		<pose>Unspecified</pose>
		<truncated>1</truncated>
		<difficult>0</difficult>
		<bndbox>
			<xmin>22</xmin>
			<ymin>38</ymin>
			<xmax>189</xmax>
			<ymax>222</ymax>
		</bndbox>
	</object>
</annotation>
