<annotation>
	<folder>images</folder>
	<filename>thumb_IMG_20210119_064249.jpg</filename>
	<path>C:\Users\doria\Desktop\uswprojekt\images\thumb_IMG_20210119_064249.jpg</path>
	<source>
		<database>Unknown</database>
	</source>
	<size>
		<width>240</width>
		<height>220</height>
		<depth>3</depth>
	</size>
	<segmented>0</segmented>
	<object>
		<name>penis</name>
		<pose>Unspecified</pose>
		<truncated>0</truncated>
		<difficult>0</difficult>
		<bndbox>
			<xmin>7</xmin>
			<ymin>32</ymin>
			<xmax>231</xmax>
			<ymax>191</ymax>
		</bndbox>
	</object>
</annotation>
