<annotation>
	<folder>images</folder>
	<filename>thumb_20210305_231554.jpg</filename>
	<path>C:\Users\doria\Desktop\uswprojekt\images\thumb_20210305_231554.jpg</path>
	<source>
		<database>Unknown</database>
	</source>
	<size>
		<width>239</width>
		<height>226</height>
		<depth>3</depth>
	</size>
	<segmented>0</segmented>
	<object>
		<name>penis</name>
		<pose>Unspecified</pose>
		<truncated>1</truncated>
		<difficult>0</difficult>
		<bndbox>
			<xmin>64</xmin>
			<ymin>30</ymin>
			<xmax>239</xmax>
			<ymax>201</ymax>
		</bndbox>
	</object>
</annotation>
