<annotation>
	<folder>images</folder>
	<filename>thumb_546D838D-B413-4496-9D85-CB05C52AA1B6.jpg</filename>
	<path>C:\Users\doria\Desktop\uswprojekt\images\thumb_546D838D-B413-4496-9D85-CB05C52AA1B6.jpg</path>
	<source>
		<database>Unknown</database>
	</source>
	<size>
		<width>117</width>
		<height>239</height>
		<depth>3</depth>
	</size>
	<segmented>0</segmented>
	<object>
		<name>penis</name>
		<pose>Unspecified</pose>
		<truncated>0</truncated>
		<difficult>0</difficult>
		<bndbox>
			<xmin>10</xmin>
			<ymin>65</ymin>
			<xmax>112</xmax>
			<ymax>131</ymax>
		</bndbox>
	</object>
</annotation>
