<annotation>
	<folder>images</folder>
	<filename>thumb_CD530D36-BEF0-4013-9A88-A4936E4B1D9D.jpg</filename>
	<path>C:\Users\doria\Desktop\uswprojekt\images\thumb_CD530D36-BEF0-4013-9A88-A4936E4B1D9D.jpg</path>
	<source>
		<database>Unknown</database>
	</source>
	<size>
		<width>180</width>
		<height>239</height>
		<depth>3</depth>
	</size>
	<segmented>0</segmented>
	<object>
		<name>penis</name>
		<pose>Unspecified</pose>
		<truncated>0</truncated>
		<difficult>0</difficult>
		<bndbox>
			<xmin>45</xmin>
			<ymin>89</ymin>
			<xmax>162</xmax>
			<ymax>174</ymax>
		</bndbox>
	</object>
</annotation>
