<annotation>
	<folder>images</folder>
	<filename>thumb_45110.jpg</filename>
	<path>C:\Users\doria\Desktop\uswprojekt\images\thumb_45110.jpg</path>
	<source>
		<database>Unknown</database>
	</source>
	<size>
		<width>239</width>
		<height>180</height>
		<depth>3</depth>
	</size>
	<segmented>0</segmented>
	<object>
		<name>penis</name>
		<pose>Unspecified</pose>
		<truncated>0</truncated>
		<difficult>0</difficult>
		<bndbox>
			<xmin>43</xmin>
			<ymin>33</ymin>
			<xmax>206</xmax>
			<ymax>179</ymax>
		</bndbox>
	</object>
</annotation>
