<annotation>
	<folder>images</folder>
	<filename>thumb_7007FC0F-BD61-4B60-905F-752B4D4DFE3F.jpg</filename>
	<path>C:\Users\doria\Desktop\uswprojekt\images\thumb_7007FC0F-BD61-4B60-905F-752B4D4DFE3F.jpg</path>
	<source>
		<database>Unknown</database>
	</source>
	<size>
		<width>134</width>
		<height>239</height>
		<depth>3</depth>
	</size>
	<segmented>0</segmented>
	<object>
		<name>penis</name>
		<pose>Unspecified</pose>
		<truncated>0</truncated>
		<difficult>0</difficult>
		<bndbox>
			<xmin>11</xmin>
			<ymin>40</ymin>
			<xmax>107</xmax>
			<ymax>193</ymax>
		</bndbox>
	</object>
</annotation>
