<annotation>
	<folder>images</folder>
	<filename>thumb_EPSN0902bb.jpg</filename>
	<path>C:\Users\doria\Desktop\uswprojekt\images\thumb_EPSN0902bb.jpg</path>
	<source>
		<database>Unknown</database>
	</source>
	<size>
		<width>240</width>
		<height>174</height>
		<depth>3</depth>
	</size>
	<segmented>0</segmented>
	<object>
		<name>penis</name>
		<pose>Unspecified</pose>
		<truncated>0</truncated>
		<difficult>0</difficult>
		<bndbox>
			<xmin>83</xmin>
			<ymin>53</ymin>
			<xmax>143</xmax>
			<ymax>170</ymax>
		</bndbox>
	</object>
</annotation>
