<annotation>
	<folder>images</folder>
	<filename>thumb_7_28229.jpg</filename>
	<path>C:\Users\doria\Desktop\uswprojekt\images\thumb_7_28229.jpg</path>
	<source>
		<database>Unknown</database>
	</source>
	<size>
		<width>239</width>
		<height>188</height>
		<depth>3</depth>
	</size>
	<segmented>0</segmented>
	<object>
		<name>penis</name>
		<pose>Unspecified</pose>
		<truncated>1</truncated>
		<difficult>0</difficult>
		<bndbox>
			<xmin>66</xmin>
			<ymin>7</ymin>
			<xmax>149</xmax>
			<ymax>188</ymax>
		</bndbox>
	</object>
</annotation>
