<annotation>
	<folder>images</folder>
	<filename>thumb_20180424_162238.jpg</filename>
	<path>C:\Users\doria\Desktop\uswprojekt\images\thumb_20180424_162238.jpg</path>
	<source>
		<database>Unknown</database>
	</source>
	<size>
		<width>239</width>
		<height>180</height>
		<depth>3</depth>
	</size>
	<segmented>0</segmented>
	<object>
		<name>penis</name>
		<pose>Unspecified</pose>
		<truncated>0</truncated>
		<difficult>0</difficult>
		<bndbox>
			<xmin>8</xmin>
			<ymin>4</ymin>
			<xmax>125</xmax>
			<ymax>174</ymax>
		</bndbox>
	</object>
</annotation>
