<annotation>
	<folder>images</folder>
	<filename>thumb_20210416_112156.jpg</filename>
	<path>C:\Users\doria\Desktop\uswprojekt\images\thumb_20210416_112156.jpg</path>
	<source>
		<database>Unknown</database>
	</source>
	<size>
		<width>239</width>
		<height>180</height>
		<depth>3</depth>
	</size>
	<segmented>0</segmented>
	<object>
		<name>penis</name>
		<pose>Unspecified</pose>
		<truncated>0</truncated>
		<difficult>0</difficult>
		<bndbox>
			<xmin>14</xmin>
			<ymin>13</ymin>
			<xmax>209</xmax>
			<ymax>109</ymax>
		</bndbox>
	</object>
</annotation>
