<annotation>
	<folder>images</folder>
	<filename>thumb_-41424384344261786850_0.jpg</filename>
	<path>C:\Users\doria\Desktop\uswprojekt\images\thumb_-41424384344261786850_0.jpg</path>
	<source>
		<database>Unknown</database>
	</source>
	<size>
		<width>240</width>
		<height>178</height>
		<depth>3</depth>
	</size>
	<segmented>0</segmented>
	<object>
		<name>penis</name>
		<pose>Unspecified</pose>
		<truncated>0</truncated>
		<difficult>0</difficult>
		<bndbox>
			<xmin>39</xmin>
			<ymin>44</ymin>
			<xmax>238</xmax>
			<ymax>128</ymax>
		</bndbox>
	</object>
</annotation>
