<annotation>
	<folder>images</folder>
	<filename>thumb_28844B25-B31C-4FB2-90D8-CEAE4441A2CA.jpg</filename>
	<path>C:\Users\doria\Desktop\uswprojekt\images\thumb_28844B25-B31C-4FB2-90D8-CEAE4441A2CA.jpg</path>
	<source>
		<database>Unknown</database>
	</source>
	<size>
		<width>134</width>
		<height>239</height>
		<depth>3</depth>
	</size>
	<segmented>0</segmented>
	<object>
		<name>penis</name>
		<pose>Unspecified</pose>
		<truncated>0</truncated>
		<difficult>0</difficult>
		<bndbox>
			<xmin>15</xmin>
			<ymin>23</ymin>
			<xmax>109</xmax>
			<ymax>171</ymax>
		</bndbox>
	</object>
</annotation>
