<annotation>
	<folder>images</folder>
	<filename>thumb_F9C3F7BA-80F6-42D5-AEB2-0359ACB0D58B.jpg</filename>
	<path>C:\Users\doria\Desktop\uswprojekt\images\thumb_F9C3F7BA-80F6-42D5-AEB2-0359ACB0D58B.jpg</path>
	<source>
		<database>Unknown</database>
	</source>
	<size>
		<width>240</width>
		<height>196</height>
		<depth>3</depth>
	</size>
	<segmented>0</segmented>
	<object>
		<name>penis</name>
		<pose>Unspecified</pose>
		<truncated>0</truncated>
		<difficult>0</difficult>
		<bndbox>
			<xmin>10</xmin>
			<ymin>19</ymin>
			<xmax>233</xmax>
			<ymax>178</ymax>
		</bndbox>
	</object>
</annotation>
