<annotation>
	<folder>images</folder>
	<filename>thumb_5AA67CC3-6468-4C81-8BF6-6B434E0C0E24.jpg</filename>
	<path>C:\Users\doria\Desktop\uswprojekt\images\thumb_5AA67CC3-6468-4C81-8BF6-6B434E0C0E24.jpg</path>
	<source>
		<database>Unknown</database>
	</source>
	<size>
		<width>180</width>
		<height>240</height>
		<depth>3</depth>
	</size>
	<segmented>0</segmented>
	<object>
		<name>penis</name>
		<pose>Unspecified</pose>
		<truncated>0</truncated>
		<difficult>0</difficult>
		<bndbox>
			<xmin>26</xmin>
			<ymin>81</ymin>
			<xmax>154</xmax>
			<ymax>212</ymax>
		</bndbox>
	</object>
</annotation>
