<annotation>
	<folder>images</folder>
	<filename>thumb_gut.jpg</filename>
	<path>C:\Users\doria\Desktop\uswprojekt\images\thumb_gut.jpg</path>
	<source>
		<database>Unknown</database>
	</source>
	<size>
		<width>208</width>
		<height>240</height>
		<depth>3</depth>
	</size>
	<segmented>0</segmented>
	<object>
		<name>penis</name>
		<pose>Unspecified</pose>
		<truncated>0</truncated>
		<difficult>0</difficult>
		<bndbox>
			<xmin>19</xmin>
			<ymin>75</ymin>
			<xmax>202</xmax>
			<ymax>212</ymax>
		</bndbox>
	</object>
</annotation>
