<annotation>
	<folder>images</folder>
	<filename>thumb_46982343912_426ae3abeb_k28129.jpg</filename>
	<path>C:\Users\doria\Desktop\uswprojekt\images\thumb_46982343912_426ae3abeb_k28129.jpg</path>
	<source>
		<database>Unknown</database>
	</source>
	<size>
		<width>239</width>
		<height>96</height>
		<depth>3</depth>
	</size>
	<segmented>0</segmented>
	<object>
		<name>penis</name>
		<pose>Unspecified</pose>
		<truncated>1</truncated>
		<difficult>0</difficult>
		<bndbox>
			<xmin>30</xmin>
			<ymin>4</ymin>
			<xmax>237</xmax>
			<ymax>96</ymax>
		</bndbox>
	</object>
</annotation>
