<annotation>
	<folder>images</folder>
	<filename>thumb_20210314_211934.jpg</filename>
	<path>C:\Users\doria\Desktop\uswprojekt\images\thumb_20210314_211934.jpg</path>
	<source>
		<database>Unknown</database>
	</source>
	<size>
		<width>168</width>
		<height>239</height>
		<depth>3</depth>
	</size>
	<segmented>0</segmented>
	<object>
		<name>penis</name>
		<pose>Unspecified</pose>
		<truncated>1</truncated>
		<difficult>0</difficult>
		<bndbox>
			<xmin>57</xmin>
			<ymin>52</ymin>
			<xmax>168</xmax>
			<ymax>146</ymax>
		</bndbox>
	</object>
</annotation>
