<annotation>
	<folder>images</folder>
	<filename>thumb_8A1F0938-2FBE-42AC-8942-D7E38224915A.jpg</filename>
	<path>C:\Users\doria\Desktop\uswprojekt\images\thumb_8A1F0938-2FBE-42AC-8942-D7E38224915A.jpg</path>
	<source>
		<database>Unknown</database>
	</source>
	<size>
		<width>180</width>
		<height>239</height>
		<depth>3</depth>
	</size>
	<segmented>0</segmented>
	<object>
		<name>penis</name>
		<pose>Unspecified</pose>
		<truncated>0</truncated>
		<difficult>0</difficult>
		<bndbox>
			<xmin>28</xmin>
			<ymin>47</ymin>
			<xmax>139</xmax>
			<ymax>227</ymax>
		</bndbox>
	</object>
</annotation>
