<annotation>
	<folder>images</folder>
	<filename>thumb_D98B343F-4B29-45BD-A536-E4D07168BB24.jpg</filename>
	<path>C:\Users\doria\Desktop\uswprojekt\images\thumb_D98B343F-4B29-45BD-A536-E4D07168BB24.jpg</path>
	<source>
		<database>Unknown</database>
	</source>
	<size>
		<width>239</width>
		<height>180</height>
		<depth>3</depth>
	</size>
	<segmented>0</segmented>
	<object>
		<name>penis</name>
		<pose>Unspecified</pose>
		<truncated>0</truncated>
		<difficult>0</difficult>
		<bndbox>
			<xmin>75</xmin>
			<ymin>2</ymin>
			<xmax>198</xmax>
			<ymax>131</ymax>
		</bndbox>
	</object>
</annotation>
