<annotation>
	<folder>images</folder>
	<filename>thumb_DSCN1840_2.jpg</filename>
	<path>C:\Users\doria\Desktop\uswprojekt\images\thumb_DSCN1840_2.jpg</path>
	<source>
		<database>Unknown</database>
	</source>
	<size>
		<width>180</width>
		<height>240</height>
		<depth>3</depth>
	</size>
	<segmented>0</segmented>
	<object>
		<name>penis</name>
		<pose>Unspecified</pose>
		<truncated>0</truncated>
		<difficult>0</difficult>
		<bndbox>
			<xmin>50</xmin>
			<ymin>15</ymin>
			<xmax>133</xmax>
			<ymax>209</ymax>
		</bndbox>
	</object>
</annotation>
