<annotation>
	<folder>images</folder>
	<filename>thumb_IMG_20210331_154007.jpg</filename>
	<path>C:\Users\doria\Desktop\uswprojekt\images\thumb_IMG_20210331_154007.jpg</path>
	<source>
		<database>Unknown</database>
	</source>
	<size>
		<width>180</width>
		<height>239</height>
		<depth>3</depth>
	</size>
	<segmented>0</segmented>
	<object>
		<name>penis</name>
		<pose>Unspecified</pose>
		<truncated>0</truncated>
		<difficult>0</difficult>
		<bndbox>
			<xmin>14</xmin>
			<ymin>50</ymin>
			<xmax>114</xmax>
			<ymax>189</ymax>
		</bndbox>
	</object>
</annotation>
