<annotation>
	<folder>images</folder>
	<filename>thumb_5c6a41fa-9981-40b9-b645-a7229c9d71ba.jpg</filename>
	<path>C:\Users\doria\Desktop\uswprojekt\images\thumb_5c6a41fa-9981-40b9-b645-a7229c9d71ba.jpg</path>
	<source>
		<database>Unknown</database>
	</source>
	<size>
		<width>180</width>
		<height>240</height>
		<depth>3</depth>
	</size>
	<segmented>0</segmented>
	<object>
		<name>penis</name>
		<pose>Unspecified</pose>
		<truncated>0</truncated>
		<difficult>0</difficult>
		<bndbox>
			<xmin>14</xmin>
			<ymin>23</ymin>
			<xmax>109</xmax>
			<ymax>222</ymax>
		</bndbox>
	</object>
</annotation>
