<annotation>
	<folder>images</folder>
	<filename>thumb_20210201_115959.jpg</filename>
	<path>C:\Users\doria\Desktop\uswprojekt\images\thumb_20210201_115959.jpg</path>
	<source>
		<database>Unknown</database>
	</source>
	<size>
		<width>179</width>
		<height>239</height>
		<depth>3</depth>
	</size>
	<segmented>0</segmented>
	<object>
		<name>penis</name>
		<pose>Unspecified</pose>
		<truncated>1</truncated>
		<difficult>0</difficult>
		<bndbox>
			<xmin>7</xmin>
			<ymin>9</ymin>
			<xmax>179</xmax>
			<ymax>191</ymax>
		</bndbox>
	</object>
</annotation>
