<annotation>
	<folder>images</folder>
	<filename>thumb_20180424_162347.jpg</filename>
	<path>C:\Users\doria\Desktop\uswprojekt\images\thumb_20180424_162347.jpg</path>
	<source>
		<database>Unknown</database>
	</source>
	<size>
		<width>180</width>
		<height>239</height>
		<depth>3</depth>
	</size>
	<segmented>0</segmented>
	<object>
		<name>penis</name>
		<pose>Unspecified</pose>
		<truncated>0</truncated>
		<difficult>0</difficult>
		<bndbox>
			<xmin>33</xmin>
			<ymin>32</ymin>
			<xmax>151</xmax>
			<ymax>233</ymax>
		</bndbox>
	</object>
</annotation>
