<annotation>
	<folder>images</folder>
	<filename>thumb_IMG_20210404_003232.jpg</filename>
	<path>C:\Users\doria\Desktop\uswprojekt\images\thumb_IMG_20210404_003232.jpg</path>
	<source>
		<database>Unknown</database>
	</source>
	<size>
		<width>239</width>
		<height>180</height>
		<depth>3</depth>
	</size>
	<segmented>0</segmented>
	<object>
		<name>penis</name>
		<pose>Unspecified</pose>
		<truncated>0</truncated>
		<difficult>0</difficult>
		<bndbox>
			<xmin>73</xmin>
			<ymin>89</ymin>
			<xmax>185</xmax>
			<ymax>157</ymax>
		</bndbox>
	</object>
</annotation>
