<annotation>
	<folder>images</folder>
	<filename>thumb_A6E265BC-EE03-4FAE-88F8-64D6B004DE12.jpg</filename>
	<path>C:\Users\doria\Desktop\uswprojekt\images\thumb_A6E265BC-EE03-4FAE-88F8-64D6B004DE12.jpg</path>
	<source>
		<database>Unknown</database>
	</source>
	<size>
		<width>183</width>
		<height>239</height>
		<depth>3</depth>
	</size>
	<segmented>0</segmented>
	<object>
		<name>penis</name>
		<pose>Unspecified</pose>
		<truncated>0</truncated>
		<difficult>0</difficult>
		<bndbox>
			<xmin>30</xmin>
			<ymin>11</ymin>
			<xmax>133</xmax>
			<ymax>226</ymax>
		</bndbox>
	</object>
</annotation>
