<annotation>
	<folder>images</folder>
	<filename>thumb_13b4.jpg</filename>
	<path>C:\Users\doria\Desktop\uswprojekt\images\thumb_13b4.jpg</path>
	<source>
		<database>Unknown</database>
	</source>
	<size>
		<width>135</width>
		<height>240</height>
		<depth>3</depth>
	</size>
	<segmented>0</segmented>
	<object>
		<name>penis</name>
		<pose>Unspecified</pose>
		<truncated>1</truncated>
		<difficult>0</difficult>
		<bndbox>
			<xmin>11</xmin>
			<ymin>61</ymin>
			<xmax>135</xmax>
			<ymax>213</ymax>
		</bndbox>
	</object>
</annotation>
