<annotation>
	<folder>images</folder>
	<filename>thumb_20210531_042727.jpg</filename>
	<path>C:\Users\doria\Desktop\uswprojekt\images\thumb_20210531_042727.jpg</path>
	<source>
		<database>Unknown</database>
	</source>
	<size>
		<width>219</width>
		<height>239</height>
		<depth>3</depth>
	</size>
	<segmented>0</segmented>
	<object>
		<name>penis</name>
		<pose>Unspecified</pose>
		<truncated>0</truncated>
		<difficult>0</difficult>
		<bndbox>
			<xmin>21</xmin>
			<ymin>2</ymin>
			<xmax>213</xmax>
			<ymax>189</ymax>
		</bndbox>
	</object>
</annotation>
