<annotation>
	<folder>images</folder>
	<filename>thumb_173C7A9C-89E2-40BC-B256-67EB03F1BD4E.jpg</filename>
	<path>C:\Users\doria\Desktop\uswprojekt\images\thumb_173C7A9C-89E2-40BC-B256-67EB03F1BD4E.jpg</path>
	<source>
		<database>Unknown</database>
	</source>
	<size>
		<width>180</width>
		<height>239</height>
		<depth>3</depth>
	</size>
	<segmented>0</segmented>
	<object>
		<name>penis</name>
		<pose>Unspecified</pose>
		<truncated>0</truncated>
		<difficult>0</difficult>
		<bndbox>
			<xmin>13</xmin>
			<ymin>20</ymin>
			<xmax>156</xmax>
			<ymax>170</ymax>
		</bndbox>
	</object>
</annotation>
