<annotation>
	<folder>images</folder>
	<filename>thumb_812F842A-8444-4DD9-8B81-A4C0CB07D320.jpg</filename>
	<path>C:\Users\doria\Desktop\uswprojekt\images\thumb_812F842A-8444-4DD9-8B81-A4C0CB07D320.jpg</path>
	<source>
		<database>Unknown</database>
	</source>
	<size>
		<width>111</width>
		<height>240</height>
		<depth>3</depth>
	</size>
	<segmented>0</segmented>
	<object>
		<name>penis</name>
		<pose>Unspecified</pose>
		<truncated>0</truncated>
		<difficult>0</difficult>
		<bndbox>
			<xmin>45</xmin>
			<ymin>73</ymin>
			<xmax>106</xmax>
			<ymax>199</ymax>
		</bndbox>
	</object>
</annotation>
