<annotation>
	<folder>images</folder>
	<filename>thumb_20210429_151434.jpg</filename>
	<path>C:\Users\doria\Desktop\uswprojekt\images\thumb_20210429_151434.jpg</path>
	<source>
		<database>Unknown</database>
	</source>
	<size>
		<width>126</width>
		<height>240</height>
		<depth>3</depth>
	</size>
	<segmented>0</segmented>
	<object>
		<name>penis</name>
		<pose>Unspecified</pose>
		<truncated>0</truncated>
		<difficult>0</difficult>
		<bndbox>
			<xmin>27</xmin>
			<ymin>18</ymin>
			<xmax>109</xmax>
			<ymax>228</ymax>
		</bndbox>
	</object>
</annotation>
