<annotation>
	<folder>images</folder>
	<filename>thumb_38604e355a1d00cd06c1b6b8b768b9fa16c175decbc0858550584ffeea2330e1.jpg</filename>
	<path>C:\Users\doria\Desktop\uswprojekt\images\thumb_38604e355a1d00cd06c1b6b8b768b9fa16c175decbc0858550584ffeea2330e1.jpg</path>
	<source>
		<database>Unknown</database>
	</source>
	<size>
		<width>180</width>
		<height>239</height>
		<depth>3</depth>
	</size>
	<segmented>0</segmented>
	<object>
		<name>penis</name>
		<pose>Unspecified</pose>
		<truncated>0</truncated>
		<difficult>0</difficult>
		<bndbox>
			<xmin>5</xmin>
			<ymin>143</ymin>
			<xmax>96</xmax>
			<ymax>222</ymax>
		</bndbox>
	</object>
</annotation>
