<annotation>
	<folder>images</folder>
	<filename>thumb_9FCFDE75-CE9E-49FE-9DF7-C4ED4B05AAFB.jpg</filename>
	<path>C:\Users\doria\Desktop\uswprojekt\images\thumb_9FCFDE75-CE9E-49FE-9DF7-C4ED4B05AAFB.jpg</path>
	<source>
		<database>Unknown</database>
	</source>
	<size>
		<width>180</width>
		<height>239</height>
		<depth>3</depth>
	</size>
	<segmented>0</segmented>
	<object>
		<name>penis</name>
		<pose>Unspecified</pose>
		<truncated>0</truncated>
		<difficult>0</difficult>
		<bndbox>
			<xmin>46</xmin>
			<ymin>21</ymin>
			<xmax>154</xmax>
			<ymax>198</ymax>
		</bndbox>
	</object>
</annotation>
