<annotation>
	<folder>images</folder>
	<filename>thumb_20210219_213500.jpg</filename>
	<path>C:\Users\doria\Desktop\uswprojekt\images\thumb_20210219_213500.jpg</path>
	<source>
		<database>Unknown</database>
	</source>
	<size>
		<width>239</width>
		<height>135</height>
		<depth>3</depth>
	</size>
	<segmented>0</segmented>
	<object>
		<name>penis</name>
		<pose>Unspecified</pose>
		<truncated>1</truncated>
		<difficult>0</difficult>
		<bndbox>
			<xmin>11</xmin>
			<ymin>4</ymin>
			<xmax>176</xmax>
			<ymax>135</ymax>
		</bndbox>
	</object>
</annotation>
