<annotation>
	<folder>images</folder>
	<filename>thumb_423060BC-EB3D-45AA-B46B-521B1458CA37.jpg</filename>
	<path>C:\Users\doria\Desktop\uswprojekt\images\thumb_423060BC-EB3D-45AA-B46B-521B1458CA37.jpg</path>
	<source>
		<database>Unknown</database>
	</source>
	<size>
		<width>239</width>
		<height>180</height>
		<depth>3</depth>
	</size>
	<segmented>0</segmented>
	<object>
		<name>penis</name>
		<pose>Unspecified</pose>
		<truncated>0</truncated>
		<difficult>0</difficult>
		<bndbox>
			<xmin>95</xmin>
			<ymin>56</ymin>
			<xmax>198</xmax>
			<ymax>142</ymax>
		</bndbox>
	</object>
</annotation>
