<annotation>
	<folder>images</folder>
	<filename>thumb_5E2F16C8-9375-4973-88CD-2287641FC580.jpg</filename>
	<path>C:\Users\doria\Desktop\uswprojekt\images\thumb_5E2F16C8-9375-4973-88CD-2287641FC580.jpg</path>
	<source>
		<database>Unknown</database>
	</source>
	<size>
		<width>140</width>
		<height>239</height>
		<depth>3</depth>
	</size>
	<segmented>0</segmented>
	<object>
		<name>penis</name>
		<pose>Unspecified</pose>
		<truncated>0</truncated>
		<difficult>0</difficult>
		<bndbox>
			<xmin>25</xmin>
			<ymin>18</ymin>
			<xmax>133</xmax>
			<ymax>216</ymax>
		</bndbox>
	</object>
</annotation>
