<annotation>
	<folder>images</folder>
	<filename>thumb_98F68AD3-1ECE-4606-830B-AB3F365556EC.jpg</filename>
	<path>C:\Users\doria\Desktop\uswprojekt\images\thumb_98F68AD3-1ECE-4606-830B-AB3F365556EC.jpg</path>
	<source>
		<database>Unknown</database>
	</source>
	<size>
		<width>180</width>
		<height>239</height>
		<depth>3</depth>
	</size>
	<segmented>0</segmented>
	<object>
		<name>penis</name>
		<pose>Unspecified</pose>
		<truncated>0</truncated>
		<difficult>0</difficult>
		<bndbox>
			<xmin>18</xmin>
			<ymin>16</ymin>
			<xmax>152</xmax>
			<ymax>238</ymax>
		</bndbox>
	</object>
</annotation>
