<annotation>
	<folder>images</folder>
	<filename>thumb_743D5740-79DA-4BAF-9742-5A56E26F87F7.jpg</filename>
	<path>C:\Users\doria\Desktop\uswprojekt\images\thumb_743D5740-79DA-4BAF-9742-5A56E26F87F7.jpg</path>
	<source>
		<database>Unknown</database>
	</source>
	<size>
		<width>151</width>
		<height>239</height>
		<depth>3</depth>
	</size>
	<segmented>0</segmented>
	<object>
		<name>penis</name>
		<pose>Unspecified</pose>
		<truncated>1</truncated>
		<difficult>0</difficult>
		<bndbox>
			<xmin>1</xmin>
			<ymin>24</ymin>
			<xmax>136</xmax>
			<ymax>187</ymax>
		</bndbox>
	</object>
</annotation>
