<annotation>
	<folder>images</folder>
	<filename>thumb_BD7E3E3E-1A47-4FCE-B82E-19CF62AB589B.jpg</filename>
	<path>C:\Users\doria\Desktop\uswprojekt\images\thumb_BD7E3E3E-1A47-4FCE-B82E-19CF62AB589B.jpg</path>
	<source>
		<database>Unknown</database>
	</source>
	<size>
		<width>180</width>
		<height>239</height>
		<depth>3</depth>
	</size>
	<segmented>0</segmented>
	<object>
		<name>penis</name>
		<pose>Unspecified</pose>
		<truncated>0</truncated>
		<difficult>0</difficult>
		<bndbox>
			<xmin>24</xmin>
			<ymin>22</ymin>
			<xmax>109</xmax>
			<ymax>214</ymax>
		</bndbox>
	</object>
</annotation>
