<annotation>
	<folder>images</folder>
	<filename>thumb_20181121_214339_0.jpg</filename>
	<path>C:\Users\doria\Desktop\uswprojekt\images\thumb_20181121_214339_0.jpg</path>
	<source>
		<database>Unknown</database>
	</source>
	<size>
		<width>142</width>
		<height>240</height>
		<depth>3</depth>
	</size>
	<segmented>0</segmented>
	<object>
		<name>penis</name>
		<pose>Unspecified</pose>
		<truncated>0</truncated>
		<difficult>0</difficult>
		<bndbox>
			<xmin>26</xmin>
			<ymin>17</ymin>
			<xmax>119</xmax>
			<ymax>216</ymax>
		</bndbox>
	</object>
</annotation>
