<annotation>
	<folder>images</folder>
	<filename>thumb_5DC30063-C200-4037-9758-A5DEECFFC5B1.jpg</filename>
	<path>C:\Users\doria\Desktop\uswprojekt\images\thumb_5DC30063-C200-4037-9758-A5DEECFFC5B1.jpg</path>
	<source>
		<database>Unknown</database>
	</source>
	<size>
		<width>172</width>
		<height>239</height>
		<depth>3</depth>
	</size>
	<segmented>0</segmented>
	<object>
		<name>penis</name>
		<pose>Unspecified</pose>
		<truncated>0</truncated>
		<difficult>0</difficult>
		<bndbox>
			<xmin>7</xmin>
			<ymin>7</ymin>
			<xmax>166</xmax>
			<ymax>226</ymax>
		</bndbox>
	</object>
</annotation>
