<annotation>
	<folder>images</folder>
	<filename>thumb_67C643E2-416E-4492-A76E-E53C83BE507D.jpg</filename>
	<path>C:\Users\doria\Desktop\uswprojekt\images\thumb_67C643E2-416E-4492-A76E-E53C83BE507D.jpg</path>
	<source>
		<database>Unknown</database>
	</source>
	<size>
		<width>178</width>
		<height>240</height>
		<depth>3</depth>
	</size>
	<segmented>0</segmented>
	<object>
		<name>penis</name>
		<pose>Unspecified</pose>
		<truncated>0</truncated>
		<difficult>0</difficult>
		<bndbox>
			<xmin>3</xmin>
			<ymin>7</ymin>
			<xmax>149</xmax>
			<ymax>231</ymax>
		</bndbox>
	</object>
</annotation>
