<annotation>
	<folder>images</folder>
	<filename>thumb_42BB7886-A143-493E-A906-53FC755E1168.jpg</filename>
	<path>C:\Users\doria\Desktop\uswprojekt\images\thumb_42BB7886-A143-493E-A906-53FC755E1168.jpg</path>
	<source>
		<database>Unknown</database>
	</source>
	<size>
		<width>180</width>
		<height>239</height>
		<depth>3</depth>
	</size>
	<segmented>0</segmented>
	<object>
		<name>penis</name>
		<pose>Unspecified</pose>
		<truncated>0</truncated>
		<difficult>0</difficult>
		<bndbox>
			<xmin>71</xmin>
			<ymin>105</ymin>
			<xmax>154</xmax>
			<ymax>157</ymax>
		</bndbox>
	</object>
</annotation>
