<annotation>
	<folder>images</folder>
	<filename>thumb_10FBA1CA-2E82-4C14-AD73-9EDB3C776BBC.jpg</filename>
	<path>C:\Users\doria\Desktop\uswprojekt\images\thumb_10FBA1CA-2E82-4C14-AD73-9EDB3C776BBC.jpg</path>
	<source>
		<database>Unknown</database>
	</source>
	<size>
		<width>134</width>
		<height>239</height>
		<depth>3</depth>
	</size>
	<segmented>0</segmented>
	<object>
		<name>penis</name>
		<pose>Unspecified</pose>
		<truncated>0</truncated>
		<difficult>0</difficult>
		<bndbox>
			<xmin>6</xmin>
			<ymin>56</ymin>
			<xmax>104</xmax>
			<ymax>203</ymax>
		</bndbox>
	</object>
</annotation>
