<annotation>
	<folder>images</folder>
	<filename>thumb_2CE39133-3F94-4F7B-AD4E-16EBC4F43A29.jpg</filename>
	<path>C:\Users\doria\Desktop\uswprojekt\images\thumb_2CE39133-3F94-4F7B-AD4E-16EBC4F43A29.jpg</path>
	<source>
		<database>Unknown</database>
	</source>
	<size>
		<width>134</width>
		<height>239</height>
		<depth>3</depth>
	</size>
	<segmented>0</segmented>
	<object>
		<name>penis</name>
		<pose>Unspecified</pose>
		<truncated>0</truncated>
		<difficult>0</difficult>
		<bndbox>
			<xmin>12</xmin>
			<ymin>55</ymin>
			<xmax>98</xmax>
			<ymax>170</ymax>
		</bndbox>
	</object>
</annotation>
