<annotation>
	<folder>images</folder>
	<filename>thumb_IMG_20210130_155959.jpg</filename>
	<path>C:\Users\doria\Desktop\uswprojekt\images\thumb_IMG_20210130_155959.jpg</path>
	<source>
		<database>Unknown</database>
	</source>
	<size>
		<width>180</width>
		<height>239</height>
		<depth>3</depth>
	</size>
	<segmented>0</segmented>
	<object>
		<name>penis</name>
		<pose>Unspecified</pose>
		<truncated>1</truncated>
		<difficult>0</difficult>
		<bndbox>
			<xmin>44</xmin>
			<ymin>7</ymin>
			<xmax>134</xmax>
			<ymax>239</ymax>
		</bndbox>
	</object>
</annotation>
