<annotation>
	<folder>images</folder>
	<filename>thumb_79744893-5794-4017-BE2C-3E1211E65B8C.jpg</filename>
	<path>C:\Users\doria\Desktop\uswprojekt\images\thumb_79744893-5794-4017-BE2C-3E1211E65B8C.jpg</path>
	<source>
		<database>Unknown</database>
	</source>
	<size>
		<width>180</width>
		<height>239</height>
		<depth>3</depth>
	</size>
	<segmented>0</segmented>
	<object>
		<name>penis</name>
		<pose>Unspecified</pose>
		<truncated>0</truncated>
		<difficult>0</difficult>
		<bndbox>
			<xmin>6</xmin>
			<ymin>3</ymin>
			<xmax>158</xmax>
			<ymax>227</ymax>
		</bndbox>
	</object>
</annotation>
