<annotation>
	<folder>images</folder>
	<filename>thumb_bound_balls_3.jpg</filename>
	<path>C:\Users\doria\Desktop\uswprojekt\images\thumb_bound_balls_3.jpg</path>
	<source>
		<database>Unknown</database>
	</source>
	<size>
		<width>239</width>
		<height>180</height>
		<depth>3</depth>
	</size>
	<segmented>0</segmented>
	<object>
		<name>penis</name>
		<pose>Unspecified</pose>
		<truncated>1</truncated>
		<difficult>0</difficult>
		<bndbox>
			<xmin>33</xmin>
			<ymin>6</ymin>
			<xmax>202</xmax>
			<ymax>180</ymax>
		</bndbox>
	</object>
</annotation>
