<annotation>
	<folder>images</folder>
	<filename>thumb_IMG_0154-2.jpg</filename>
	<path>C:\Users\doria\Desktop\uswprojekt\images\thumb_IMG_0154-2.jpg</path>
	<source>
		<database>Unknown</database>
	</source>
	<size>
		<width>239</width>
		<height>237</height>
		<depth>3</depth>
	</size>
	<segmented>0</segmented>
	<object>
		<name>penis</name>
		<pose>Unspecified</pose>
		<truncated>0</truncated>
		<difficult>0</difficult>
		<bndbox>
			<xmin>85</xmin>
			<ymin>7</ymin>
			<xmax>210</xmax>
			<ymax>207</ymax>
		</bndbox>
	</object>
</annotation>
