<annotation>
	<folder>images</folder>
	<filename>thumb_2BBCD610-5302-44B6-AA47-7A8734C92EEA.jpg</filename>
	<path>C:\Users\doria\Desktop\uswprojekt\images\thumb_2BBCD610-5302-44B6-AA47-7A8734C92EEA.jpg</path>
	<source>
		<database>Unknown</database>
	</source>
	<size>
		<width>239</width>
		<height>180</height>
		<depth>3</depth>
	</size>
	<segmented>0</segmented>
	<object>
		<name>penis</name>
		<pose>Unspecified</pose>
		<truncated>0</truncated>
		<difficult>0</difficult>
		<bndbox>
			<xmin>8</xmin>
			<ymin>6</ymin>
			<xmax>169</xmax>
			<ymax>169</ymax>
		</bndbox>
	</object>
</annotation>
