<annotation>
	<folder>images</folder>
	<filename>thumb_A60C36EB-F19E-41B3-BC7C-77261C243597.jpg</filename>
	<path>C:\Users\doria\Desktop\uswprojekt\images\thumb_A60C36EB-F19E-41B3-BC7C-77261C243597.jpg</path>
	<source>
		<database>Unknown</database>
	</source>
	<size>
		<width>180</width>
		<height>239</height>
		<depth>3</depth>
	</size>
	<segmented>0</segmented>
	<object>
		<name>penis</name>
		<pose>Unspecified</pose>
		<truncated>0</truncated>
		<difficult>0</difficult>
		<bndbox>
			<xmin>6</xmin>
			<ymin>24</ymin>
			<xmax>73</xmax>
			<ymax>222</ymax>
		</bndbox>
	</object>
</annotation>
