<annotation>
	<folder>images</folder>
	<filename>thumb_Image00003.jpg</filename>
	<path>C:\Users\doria\Desktop\uswprojekt\images\thumb_Image00003.jpg</path>
	<source>
		<database>Unknown</database>
	</source>
	<size>
		<width>240</width>
		<height>213</height>
		<depth>3</depth>
	</size>
	<segmented>0</segmented>
	<object>
		<name>penis</name>
		<pose>Unspecified</pose>
		<truncated>0</truncated>
		<difficult>0</difficult>
		<bndbox>
			<xmin>33</xmin>
			<ymin>30</ymin>
			<xmax>203</xmax>
			<ymax>170</ymax>
		</bndbox>
	</object>
</annotation>
