<annotation>
	<folder>images</folder>
	<filename>thumb_56FDABBB-75ED-4209-A95D-D09B7C047CFC.jpg</filename>
	<path>C:\Users\doria\Desktop\uswprojekt\images\thumb_56FDABBB-75ED-4209-A95D-D09B7C047CFC.jpg</path>
	<source>
		<database>Unknown</database>
	</source>
	<size>
		<width>239</width>
		<height>134</height>
		<depth>3</depth>
	</size>
	<segmented>0</segmented>
	<object>
		<name>penis</name>
		<pose>Unspecified</pose>
		<truncated>1</truncated>
		<difficult>0</difficult>
		<bndbox>
			<xmin>84</xmin>
			<ymin>18</ymin>
			<xmax>153</xmax>
			<ymax>134</ymax>
		</bndbox>
	</object>
</annotation>
