<annotation>
	<folder>images</folder>
	<filename>thumb_IMG_20200825_110035_hdr_kindlephoto-1945462244.jpg</filename>
	<path>C:\Users\doria\Desktop\uswprojekt\images\thumb_IMG_20200825_110035_hdr_kindlephoto-1945462244.jpg</path>
	<source>
		<database>Unknown</database>
	</source>
	<size>
		<width>239</width>
		<height>136</height>
		<depth>3</depth>
	</size>
	<segmented>0</segmented>
	<object>
		<name>penis</name>
		<pose>Unspecified</pose>
		<truncated>1</truncated>
		<difficult>0</difficult>
		<bndbox>
			<xmin>42</xmin>
			<ymin>19</ymin>
			<xmax>210</xmax>
			<ymax>136</ymax>
		</bndbox>
	</object>
</annotation>
